company_name, ROA(C) before interest and depreciation before interest, ROA(A) before interest and % after tax, ROA(B) before interest and depreciation after tax, Operating Gross Margin, Realized Sales Gross Margin, Operating Profit Rate, Pre-tax net Interest Rate, After-tax net Interest Rate, Non-industry income and expenditure/revenue, Continuous interest rate (after tax), Operating Expense Rate, Research and development expense rate, Cash flow rate, Interest-bearing debt interest rate, Tax rate (A), Net Value Per Share (B), Net Value Per Share (A), Net Value Per Share (C), Persistent EPS in the Last Four Seasons, Cash Flow Per Share, Revenue Per Share (Yuan ¥), Operating Profit Per Share (Yuan ¥), Per Share Net profit before tax (Yuan ¥), Realized Sales Gross Profit Growth Rate, Operating Profit Growth Rate, After-tax Net Profit Growth Rate, Regular Net Profit Growth Rate, Continuous Net Profit Growth Rate, Total Asset Growth Rate, Net Value Growth Rate, Total Asset Return Growth Rate Ratio, Cash Reinvestment %, Current Ratio, Quick Ratio, Interest Expense Ratio, Total debt/Total net worth, Debt ratio %, Net worth/Assets, Long-term fund suitability ratio (A), Borrowing dependency, Contingent liabilities/Net worth, Operating profit/Paid-in capital, Net profit before tax/Paid-in capital, Inventory and accounts receivable/Net value, Total Asset Turnover, Accounts Receivable Turnover, Average Collection Days, Inventory Turnover Rate (times), Fixed Assets Turnover Frequency, Net Worth Turnover Rate (times), Revenue per person, Operating profit per person, Allocation rate per person, Working Capital to Total Assets, Quick Assets/Total Assets, Current Assets/Total Assets, Cash/Total Assets, Quick Assets/Current Liability, Cash/Current Liability, Current Liability to Assets, Operating Funds to Liability, Inventory/Working Capital, Inventory/Current Liability, Current Liabilities/Liability, Working Capital/Equity, Current Liabilities/Equity, Long-term Liability to Current Assets, Retained Earnings to Total Assets, Total income/Total expense, Total expense/Assets, Current Asset Turnover Rate, Quick Asset Turnover Rate, Working capitcal Turnover Rate, Cash Turnover Rate, Cash Flow to Sales, Fixed Assets to Assets, Current Liability to Liability, Current Liability to Equity, Equity to Long-term Liability, Cash Flow to Total Assets, Cash Flow to Liability, CFO to Assets, Cash Flow to Equity, Current Liability to Current Assets, Liability-Assets Flag, Net Income to Total Assets, Total assets to GNP price, No-credit Interval, Gross Profit to Sales, Net Income to Stockholder's Equity, Liability to Equity, Degree of Financial Leverage (DFL), Interest Coverage Ratio (Interest expense to EBIT), Net Income Flag, Equity to Liability
Company 1,0.519816702,0.484627126,0.502917715,0.626435953,0.626435953,0.999068458,0.797464026,0.809120402,0.303446457,0.781406044,0.000427161,0.000249415,0.463083465,0.000471047,0,0.143061818,0.143061818,0.143061818,0.205823958,0.318914904,0.01225101,0.101376109,0.173608496,0.022556506,0.848202818,0.689585825,0.689585825,0.217613849,4790000000,0.000390711,0.264964139,0.381068142,0.008038664,0.003179091,0.629881098,0.013526478,0.176890286,0.823109714,0.00540838,0.380159836,0.005365848,0.101332096,0.172649121,0.405063885,0.101949025,0.00131882,0.004792991,4910000000,0.000249644,0.036129032,0.011935432,0.396225775,0.006214006,0.784128022,0.289193519,0.480867056,0.045345349,0.004692314,0.00215185,0.11158794,0.343727902,0.27780544,0.008992132,0.597762921,0.73535278,0.333471656,0.012095712,0.872555421,0.002139055,0.066358245,0.000161355,9790000000,0.593945051,426000000,0.671524917,0.242020428,0.597762921,0.333471656,0.124529758,0.57760903,0.449818817,0.582128052,0.299493431,0.036120778,0,0.760639179,0.00024095,0.623686623,0.626436379,0.835992408,0.284588574,0.027249132,0.566681876,1,0.020002589
Company 2,0.418368839,0.463693851,0.456662562,0.597032243,0.597032243,0.998843488,0.797223037,0.809134984,0.303496247,0.781380079,0.000180509,0,0.456168692,0.000286029,0,0.154439341,0.154439341,0.154439341,0.186725915,0.305474995,0.033712963,0.076785278,0.155758078,0.022016499,0.847778633,0.688864019,0.688864019,0.217532257,5610000000,0.000421604,0.26335952,0.32432659,0.005155054,0.004631391,0.63040609,0.019430234,0.201801856,0.798198144,0.007359569,0.381433649,0.005365848,0.076799062,0.149883116,0.415298028,0.145427286,0.000448399,0.014110846,0.00029731,0.00200018,0.058387097,0.026558759,0.381572104,0.001481083,0.727034955,0.587976796,0.590340353,0.002123285,0.005046486,5390000000,0.209208089,0.325082711,0.276816409,0.000637669,0.993967349,0.728897276,0.343384041,0,0.915998266,0.002054062,0.042110577,0.000147057,0.000152403,0.593898538,150000000,0.671566039,0.034545867,0.993967349,0.343384041,0.110933234,0.631434225,0.457811444,0.463682474,0.311226335,0.055360608,0,0.752582536,0.000543653,0.623622398,0.597029995,0.833780324,0.288870278,0.026720303,0.564796269,1,0.017054084
Company 3,0.424901282,0.464620584,0.473472884,0.604750717,0.604750717,0.998707604,0.794050751,0.806173516,0.298238329,0.779215442,0.000440344,0,0.461120757,0.000784078,0,0.15161603,0.15161603,0.15161603,0.194856765,0.317005022,0.001875463,0.09298917,0.147473074,0.022052341,0.848046028,0.689421849,0.689421849,0.217583473,4680000000,0.000359143,0.263975725,0.374296785,0.004021204,0.000558961,0.6294835,0.016130915,0.189315839,0.810684161,0.006058294,0.387055647,0.006860559,0.09314899,0.148284443,0.406098151,0.008995502,0.000610715,0.010345107,32500000,6960000000,0.011451613,0.028759015,0.367687298,0.053200879,0.702091803,0.063067852,0.391662618,0.002993671,0.000567183,9010000000,0.176166379,0.339940981,0.276035011,0.009271533,0.889638386,0.726403166,0.33900146,0.001049855,0.913148656,0.001998742,0.040615956,0.001542343,0.000266184,0.593440516,3030000000,0.671436838,0.079651964,0.889638386,0.33900146,0.11200786,0.625635212,0.456931468,0.560272969,0.310119334,0.069956154,0,0.740965953,0.003136314,0.620914352,0.604747859,0.833016169,0.286477591,0.026511896,0.56334855,1,0.018437905
Company 4,0.360795593,0.400403402,0.398094116,0.597025036,0.597025036,0.998804202,0.79670841,0.808651301,0.302679305,0.780850534,0.000219709,0,0.458747054,0.000707071,0,0.158400405,0.158400405,0.158400405,0.1662097,0.314847563,0.015154953,0.084113672,0.133313248,0.022139921,0.848012442,0.689225441,0.689225441,0.217572439,4670000000,0.000347265,0.263319113,0.371986886,0.003271129,0.001933282,0.630163285,0.010543594,0.158660096,0.841339904,0.005025233,0.381373257,0.005700985,0.084135359,0.132267551,0.397558757,0.077961019,0.001381717,0.00457439,0.000157444,7110000000,0.024516129,0.021141842,0.380916307,0.039203621,0.717091893,0.106695182,0.156382866,0.000408703,0.002225473,248000000,0.087106307,0.336487562,0.276752074,0.00305779,0.517257205,0.72894787,0.331126776,0.049001379,0.880487934,0.00197225,0.06286336,6230000000,4450000000,0.593874838,50200000,0.671534998,0.658340864,0.517257205,0.331126776,0.126967319,0.60366412,0.452954986,0.543242357,0.306691994,0.084685238,0,0.701107375,0.010521898,0.623388659,0.597025818,0.830590645,0.282425541,0.02667044,0.564508561,1,0.022731694
Company 5,0.424901282,0.468436546,0.473472884,0.587303074,0.587303074,0.998730136,0.797067542,0.809012729,0.303461684,0.781247167,0.000137839,5670000000,0.459736796,0.000259026,0,0.15035186,0.15035186,0.15035186,0.185307743,0.313114522,0.020630095,0.073039655,0.146719892,0.020458665,0.847929941,0.689048192,0.68904825,0.217548962,5880000000,0.000359692,0.263597299,0.370096122,0.004001236,0.00329263,0.630231435,0.028478283,0.224839012,0.775160988,0.004946479,0.39556078,0.005365848,0.074014363,0.146746098,0.409158078,0.08095952,0.000515354,0.012249324,0.000188016,7410000000,0.038225806,0.00588987,0.387406436,0.010174519,0.705929888,0.296518337,0.354552098,0.070989308,0.003300786,0.002345653,0.160468617,0.337251585,0.276757647,0.002165155,0.681137582,0.724373631,0.343550939,0.019875597,0.914446055,0.001817093,0.016604176,0.000166357,0.00014326,0.593858422,9240000000,0.671526679,0.578700684,0.681137582,0.343550939,0.138359154,0.597603693,0.454085734,0.540111422,0.297242197,0.07028235,0,0.755799271,0.001336795,0.620637819,0.587299852,0.832416579,0.295432523,0.026710479,0.564741911,1,0.014896594
Company 6,0.335543314,0.372546882,0.375394828,0.596700731,0.596700731,0.998864633,0.797102542,0.809045799,0.303241738,0.781291798,0.000154028,9200000000,0.45822702,0.000364036,0,0.14339893,0.14339893,0.14339893,0.184078661,0.313680413,0.024970885,0.084032245,0.144987572,0.022043396,0.848023582,0.689461523,0.689461523,0.217597742,5910000000,0.000336061,0.26442564,0.359729518,0.007465187,0.00483102,0.630545814,0.013909483,0.17888563,0.82111437,0.005313914,0.372656755,0.005365848,0.084338919,0.14469497,0.404730294,0.220389805,0.004141093,0.001526789,0.000110058,0.000531061,0.053709677,0.05439537,0.374550553,0.012490841,0.786466513,0.461164476,0.661080019,0.259600402,0.005054106,0.008378276,0.164301565,0.332315877,0.277810417,0.006579407,0.876803183,0.735653726,0.337090964,0.002115402,0.860451365,0.002019245,0.078886476,0.000107656,7670000000,0.593931097,0.000123777,0.671571363,0.210149038,0.876803183,0.337090964,0.114244195,0.640395051,0.458911603,0.516563479,0.313971661,0.038808031,0,0.698641688,0.001071166,0.623665844,0.596699274,0.828696643,0.284866621,0.026770945,0.565060143,1,0.019735854
Company 7,0.44688734,0.52523986,0.499919696,0.600253679,0.600253679,0.998963195,0.797301337,0.809243439,0.303382649,0.781451518,0.000112399,0,0.459176501,0.00040304,0,0.166364671,0.166364671,0.166364671,0.204783965,0.314670722,0.019193248,0.095431968,0.164494991,0.022001771,0.847931741,0.689198348,0.689198146,0.217539607,6270000000,0.00042657,0.263893357,0.372033456,0.013256745,0.003342537,0.623554472,0.013253814,0.175439127,0.824560873,0.010034171,0.38382023,0.007032393,0.095412575,0.163501998,0.409724781,0.077961019,0.00155012,0.004079977,2240000000,0.001062879,0.029032258,0.037510098,0.392268379,0.004718597,0.833670214,0.145982715,0.555760516,0.008955108,0.003374579,0.000598878,0.07904362,0.337778119,0.277660701,0.025859237,0.422938688,0.740314689,0.331286947,0.019303575,0.928317018,0.002161642,0.020574428,0.000281821,7140000000,0.594024649,1230000000,0.671568962,0.040100065,0.422938688,0.331286947,0.135663961,0.639777107,0.458814435,0.548349922,0.313847588,0.022103485,0,0.787715345,0.003020661,0.623412663,0.600251756,0.839107948,0.284391411,0.026058415,0.553763385,1,0.020200987
Company 8,0.356018135,0.403183602,0.385673751,0.601363525,0.601363525,0.998858971,0.797020091,0.808933048,0.303109287,0.781150745,0.000234511,1970000000,0.459746861,0.000467047,0,0.150604694,0.150604694,0.150604694,0.170842394,0.315201245,0.023639911,0.084032245,0.139263388,0.022031986,0.848076273,0.689520442,0.689524049,0.217600639,3320000000,0.000339754,0.264624566,0.370375545,0.00803804,0.003511598,0.630452665,0.012240673,0.169634489,0.830365511,0.005470282,0.376843897,0.005365848,0.084395916,0.139401252,0.412489969,0.125937031,0.000641149,0.009863503,4890000000,0.000445577,0.039677419,0.016700204,0.386275751,0.004880096,0.794752937,0.310439658,0.634927337,0.008838977,0.003791012,0.000318773,0.146981521,0.336577458,0.278020413,0.011316974,0.825360498,0.736183144,0.335237409,0.004397812,0.895212965,0.002019966,0.08262127,0.000146744,7070000000,0.593942516,578000000,0.671567985,0.194898784,0.825360498,0.335237409,0.11707051,0.634400612,0.457988505,0.542299794,0.312709341,0.036122832,0,0.694384013,0.00073449,0.623626009,0.601363724,0.829053462,0.283656081,0.026738689,0.564895149,1,0.021017803
Company 9,0.430556233,0.470508068,0.47202741,0.595266579,0.595266579,0.998922522,0.797262879,0.809196307,0.303400293,0.781445062,7300000000,713000000,0.461536784,0.000332033,0,0.152458809,0.152458809,0.152458809,0.189467713,0.317959963,0.046947079,0.086882176,0.150109211,0.021984941,0.847801761,0.68758268,0.68758268,0.217389683,4910000000,0.000374041,0.263010622,0.376979248,0.006107313,0.004404313,0.630259517,0.018944182,0.200139069,0.799860931,0.005136718,0.382649307,0.007756288,0.086871204,0.149129025,0.412094751,0.209895052,0.000766944,0.008245345,0.000245338,0.000473568,0.073870968,0.014220877,0.390131386,0.003620325,0.75527778,0.566559739,0.654181747,0.039399864,0.005165568,0.001060235,0.197148455,0.3410816,0.280144793,0.002787128,0.943566634,0.732521398,0.342118569,0.001356996,0.91005676,0.00205567,0.041533619,0.000102955,9310000000,0.593916652,1830000000,0.67156808,0.239701484,0.943566634,0.342118569,0.113492107,0.631152452,0.457763447,0.567369878,0.311202429,0.047093894,0,0.753567655,0.001864766,0.623463977,0.595262105,0.83402617,0.288517876,0.02669061,0.564628556,1,0.017227843
Company 10,0.370106762,0.397187091,0.404143691,0.602350855,0.602350855,0.998764222,0.796961573,0.808908701,0.303205483,0.7811565,0.000345175,1410000000,0.460560462,0.000575058,0,0.153428006,0.153428006,0.153428006,0.167438782,0.315837872,0.025878367,0.071492549,0.131430293,0.022070419,0.847527285,0.687203023,0.687203023,0.217358444,6660000000,0.00033107,0.261669425,0.373290861,0.004006852,0.002092985,0.630291366,0.018811042,0.199685582,0.800314418,0.004976207,0.387256952,0.005365848,0.071881056,0.130548224,0.404040336,0.127436282,0.000929261,0.006797969,8730000000,0.000131631,0.038064516,0.017801801,0.380283123,0.019982863,0.709508977,0.187999812,0.326970149,0.026846142,0.002250548,0.000961635,0.147987005,0.33888844,0.276482681,0.004890911,0.706398128,0.726755594,0.338092455,0.018060008,0.904351889,0.002032266,0.070549856,9650000000,5580000000,0.593880164,2330000000,0.671578357,0.564929088,0.706398128,0.338092455,0.128054821,0.651972509,0.460437343,0.553292797,0.317137157,0.070185064,0,0.714301693,0.002733198,0.623540424,0.602348544,0.828508422,0.288421119,0.026713758,0.564760178,1,0.017277111
Company 11,0.196802028,0.211022678,0.22142513,0.598055608,0.598055608,0.998933499,0.796144258,0.80814874,0.301423437,0.780388498,0.000106848,1880000000,0.472751063,0.000234023,0,0.069655725,0.069655725,0.069655725,0.079512149,0.340348023,0.02575737,0.091930625,0.054304436,0.021973878,0.847907578,0.687914932,0.687914932,0.217439263,2590000000,0,0.259533301,0.432426139,0.004788129,0.00236186,0.630535883,0.021101779,0.525410406,0.474589594,0.004476848,0.357055625,0,0.092009054,0.05712993,0.3915501,0.100449775,0.000683757,0.009254666,0.000222409,0.000173994,0.158870968,0.068422367,0.385755636,0.032154376,0.723172153,0.403605928,0.434590988,0.024764462,0.004374054,0.000792444,0.165715001,0.35110574,0.27673381,0.001425819,0.29523926,0.733394575,0.320395323,0.038191325,0.777636588,0.001996108,0.202040143,0.000111612,0.000108585,0.593894846,1840000000,0.671571738,0.275408235,0.29523926,0.320395323,0.090262866,0.641956613,0.459226216,0.738860179,0.314685491,0.059373727,1,0.519387511,0.017587653,0.623464755,0.59805138,0.856906171,0.259279798,0.026769363,0.565052292,1,0.00394628
Company 12,0.440842393,0.469962931,0.488516516,0.591641563,0.591641563,0.998790221,0.797043471,0.808979659,0.303293945,0.781213202,0.000147205,3360000000,0.464125211,0.00089709,0,0.143567486,0.143567486,0.143567486,0.195424033,0.321496781,0.012160261,0.08557935,0.155155532,0.022155171,0.848073744,0.689585767,0.689585767,0.217614407,5130000000,0.000365482,0.265497976,0.384607503,0.002169728,0.000941999,0.629331448,0.018052326,0.196934426,0.803065574,0.004913971,0.386017809,0.005588257,0.085527709,0.154196516,0.399792075,0.085457271,0.001513599,0.004178177,0.000108912,6810000000,0.033225806,0.016700204,0.382454038,0.030208701,0.662501905,0.123971776,0.203863031,0.005536465,0.001310937,0.000180232,0.162885017,0.347173462,0.276842096,0.002575464,0.789716006,0.721136197,0.338934705,0.020423319,0.884894515,0.001921575,0.02766389,7950000000,4940000000,0.593815441,645000000,0.671572018,0.67776851,0.789716006,0.338934705,0.122828518,0.642618931,0.459233988,0.605886028,0.314480464,0.122531571,0,0.745995096,0.003865476,0.627466597,0.591637088,0.833175774,0.287870801,0.026472513,0.562983129,1,0.017571076
Company 13,0.39199532,0.456443524,0.4547888,0.603669698,0.603669698,0.99900872,0.797210863,0.809177559,0.303129348,0.78142443,0.00012165,8200000000,0.460082367,0.000190019,0,0.177362943,0.177362943,0.177362943,0.163656992,0.31003749,0.081507025,0.113508672,0.112902011,0.022161319,0.848004583,0.688341794,0.688341794,0.217472835,9500000000,0.000425273,0.262339247,0.365290041,0.007673611,0.004807938,0.630436912,0.023195543,0.212957644,0.787042356,0.005282602,0.385562636,0.005365848,0.113472405,0.119297187,0.414192757,0.214392804,0.000935347,0.006763813,0.000107001,0.000646806,0.076451613,0.024760954,0.395909183,0.007771189,0.792009139,0.55854723,0.689709672,0.151173266,0.006041747,0.004803795,0.166878716,0.337703899,0.277485421,0.004567639,0.748619457,0.73796092,0.341711699,0.008208899,0.919759233,0.00212726,0.064866789,0.00014312,0.000119205,0.593938171,8910000000,0.671581566,0.232405416,0.748619457,0.341711699,0.129703449,0.663279583,0.461731556,0.544468662,0.321255436,0.037787499,0,0.756953011,0.006524272,0.623735164,0.603668531,0.833672421,0.291600911,0.026748832,0.564948161,1,0.015953019
Company 14,0.439233657,0.504415613,0.486749826,0.616750025,0.616750025,0.998257779,0.795490461,0.807366123,0.301694382,0.779408706,0.001083167,0,0.460454778,0.000679068,0,0.175972357,0.175972357,0.175972357,0.193060414,0.313079154,0.002223331,0.087940721,0.156812533,0.022011348,0.84769458,0.678504129,0.678504129,0.217363362,6230000000,0.000395427,0.26359963,0.366212138,0.006839292,0.000183409,0.627895508,0.02078352,0.206125102,0.793874898,0.005196451,0.390561708,0.005365848,0.087897145,0.153804389,0.425838968,0.005997001,0.00063912,0.009879727,76400000,2120000000,0.010645161,0.036940205,0.305443115,0.299116251,0.776887749,0.034348911,0.756233772,0.001297003,0.000209328,3370000000,0.204257536,0.337995681,0.28073,0.017468161,0.949823568,0.73547342,0.343770696,0,0.919510056,0.002012887,0.013940705,0.005714266,0.000304236,0.594412268,2530000000,0.671345491,0.181441923,0.949823568,0.343770696,0.110933234,0.627860114,0.457396002,0.547029211,0.309981307,0.042233762,0,0.778221837,0.013085849,0.621122027,0.616750163,0.837361039,0.289851612,0.026607496,0.564098447,1,0.016612755
Company 15,0.491493199,0.514827737,0.531987794,0.593767567,0.593767567,0.998887742,0.797254025,0.809188235,0.303457817,0.781421623,8370000000,1410000000,0.46468886,0.000567057,0,0.176941553,0.176941553,0.176941553,0.205634868,0.322133409,0.013808854,0.090546372,0.163666491,0.022799051,0.848028888,0.688850919,0.688850919,0.217560085,7140000000,0.000431312,0.263910452,0.382055438,0.003101394,0.002113571,0.628258859,0.006237518,0.119932279,0.880067721,0.005070867,0.376330569,0.005365848,0.090494569,0.162672498,0.396421332,0.068965517,0.001016506,0.006217311,0.000185341,6430000000,0.020483871,0.007611298,0.390086158,0.015835116,0.710751219,0.131333435,0.167064103,0.007735755,0.002433631,0.000419906,0.097494431,0.348285697,0.276832317,0.002081399,0.766393256,0.729151767,0.330507612,0.017079297,0.927387952,0.002038343,0.011396874,954000000,7860000000,0.593851241,1270000000,0.671558461,0.550910588,0.766393256,0.330507612,0.115592068,0.632062435,0.456981114,0.594415515,0.312861016,0.088933237,0,0.783153183,0.003998768,0.62420657,0.593764535,0.839042788,0.279302527,0.026364844,0.561751084,1,0.031179164
Company 16,0.480914542,0.546936328,0.529096847,0.596722351,0.596707938,0.998984687,0.797391535,0.809314787,0.30349528,0.781572782,3400000000,509000000,0.466574403,0.000452045,0.268954348,0.211411234,0.211411234,0.211411234,0.226151083,0.343425055,0.313928339,0.13052683,0.183023273,0.022029885,0.847964774,0.689182997,0.689182968,0.217568543,4810000000,0.000395627,0.263261611,0.383266272,0.011277344,0.004246482,0.631213956,0.01041319,0.157722889,0.842277111,0.044415006,0.373456383,0.005365848,0.130522579,0.182075258,0.414869317,0.629685157,0.003276759,0.001929834,0.000142923,0.110981246,0.15483871,0.291699837,0.415413491,0.000344209,0.877083539,0.497424983,0.995453215,0.136517794,0.005421317,0.004377196,0.165383612,0.356231824,0.277537187,0.015468557,1,0.743084629,0.335502203,0,0.935858288,0.002268309,0.041371223,4420000000,2020000000,0.593933283,2090000000,0.671572916,0.003355402,1,0.335502203,0.110933234,0.648149562,0.46011941,0.644001488,0.315606249,0.025933847,0,0.805239668,0.001535251,0.623680826,0.596719412,0.840960187,0.28233094,0.026948173,0.565810229,1,0.022886277
Company 17,0.388192853,0.132959006,0.208362332,0.602949019,0.602949019,0.998646942,0.79689683,0.808288311,0.303337451,0.780647025,0.000472144,4550000000,0.467466848,0.000759076,0,0.132779908,0.132779908,0.132779908,0.176042356,0.320789418,0.009392441,0.081508021,0.15357385,0.022476858,0.848082131,0.689188682,0.689188682,0.217571666,2230000000,0.000262221,0.262279413,0.420308483,0.006211525,0.004016909,0.630592389,0.012950145,0.173746108,0.826253892,0.006451341,0.369637181,0.005365848,0.081456511,0.152590302,0.408339507,0.140929535,0.001057085,0.005981632,0.000118465,0.001677156,0.032741935,0.008513138,0.383030687,0.000666653,0.757618776,0.44688662,0.612629686,0.100150962,0.004410228,0.002922512,0.181765253,0.35890813,0.280509136,0.005005558,1,0.732624904,0.337748408,0,0.72919562,0.001834916,0.155838194,0.000104885,7850000000,0.593917973,5030000000,0.671576299,0.067982644,1,0.337748408,0.110933234,0.653233077,0.460792306,0.666840299,0.316883752,0.046335308,0,0.435568954,9170000000,0.623694944,0.602949367,0.799768522,0.284170554,0.026777587,0.565092851,1,0.020433018
Company 18,0.387169112,0.431748801,0.431821832,0.604166967,0.604260655,0.998291981,0.796180641,0.808175821,0.302828675,0.780371515,0.000848309,4790000000,0.462907325,0.000523052,0,0.197252539,0.197252539,0.197252539,0.137751725,0.323017613,0.014428967,0.050240208,0.091511637,0.02202674,0.847471794,0.682268479,0.6784311,0.214113159,5420000000,0.000386219,0.262514861,0.380155359,0.008023688,0.007542231,0.630122533,0.011361585,0.164192641,0.835807359,0.005341278,0.382917713,0.005365848,0.052160177,0.109252696,0.397022868,0.034482759,0.000383472,0.016472758,0.00010146,6280000000,0.016612903,0.026314939,0.333325795,0.05225154,0.782837656,0.456953365,0.464654114,0.353707293,0.007687326,0.017331252,0.10805628,0.343524118,0.277088771,0.001224568,0.623239174,0.734906432,0.332568626,0.013872814,0.909487104,0.001997745,0.050615115,0.000516289,0.000514923,0.594006021,0.001033778,0.671653392,0.296431783,0.623239174,0.332568626,0.124576716,0.678825607,0.464862364,0.579814007,0.322062421,0.036185397,0,0.727138222,0.01992686,0.623828632,0.604161855,0.832901046,0.283018834,0.026654441,0.564409638,1,0.0218422
Company 19,0.460927217,0.516735717,0.513464318,0.597579959,0.597579959,0.998975443,0.797142246,0.809086811,0.303079075,0.781351588,5720000000,0,0.462056818,0.000647065,0,0.160001686,0.160001686,0.160001686,0.204405786,0.318525854,0.010541918,0.095920528,0.160879717,0.022117244,0.848386582,0.688686914,0.688686914,0.217579338,559000000,0.000375239,0.263679667,0.377342498,0.004270189,0.002126672,0.62662669,0.017381154,0.194394897,0.805605103,0.005055628,0.384969905,0.006649727,0.095909261,0.159912525,0.399209296,0.04047976,0.00089071,0.007098545,81800000,4390000000,0.020322581,0.026905395,0.393263382,0.078627801,0.728817461,0.143674712,0.209823867,0.008371913,0.002886704,0.000490073,0.090370335,0.341545388,0.276517106,0.003928301,0.437606216,0.729325569,0.333090519,0.039068349,0.926169248,0.002064688,0.016211915,0.000193177,0.000135788,0.593862347,2090000000,0.671573357,0.511705842,0.437606216,0.333090519,0.133756493,0.643478991,0.459347003,0.570188624,0.314714617,0.066128963,0,0.780254279,0.024747428,0.625099091,0.597579161,0.837936896,0.287384416,0.026169768,0.557966614,1,0.017852093
Company 20,0.491200702,0.542084605,0.549601156,0.590827196,0.590827196,0.998744233,0.797390982,0.809335619,0.303997289,0.781583308,0.000180162,1460000000,0.46350117,0.000475048,0,0.176815136,0.176815136,0.176815136,0.215845703,0.322628563,0.016591799,0.078495237,0.170595767,0.022151315,0.84803577,0.689658681,0.689658681,0.217603545,6210000000,0.000494246,0.264044106,0.381701501,0.003952562,0.002699981,0.633332763,0.009031634,0.147141518,0.852858482,0.005166557,0.376470365,0.005957517,0.079860602,0.169549808,0.39947724,0.065967016,0.000651294,0.009702968,0.000137573,9610000000,0.024677419,0.00815769,0.386049614,0.010438104,0.711806164,0.236304833,0.295754173,0.04170182,0.00311646,0.001627035,0.135826661,0.346235312,0.276728569,0.002516254,0.877246747,0.728740574,0.33329848,0.004617378,0.930598525,0.002259282,0.018506903,0.000173431,0.000142476,0.593854106,6740000000,0.671590576,0.34546273,0.877246747,0.33329848,0.113518796,0.65756627,0.461809183,0.591184676,0.317277383,0.071083113,0,0.799123707,0.006410444,0.587512027,0.5908221,0.84033269,0.281328942,0.031192201,0.569221603,1,0.024793703
Company 21,0.443816117,0.442651548,0.492692328,0.598170916,0.598170916,0.998893404,0.797112502,0.809050617,0.303198474,0.7813885,0.000148709,713000000,0.460047139,0.000379038,0,0.148497746,0.148497746,0.148497746,0.190318616,0.312902313,0.030763646,0.08557935,0.13873616,0.022223962,0.848023794,0.689135793,0.689135793,0.217588118,6590000000,0.000395801,0.263309012,0.369565217,0.004736959,0.003786088,0.63029753,0.029686574,0.227106449,0.772893551,0.004991835,0.388641483,0.005708906,0.085560278,0.139288138,0.4162077,0.131934033,0.000732452,0.008641559,0.00014961,0.000184585,0.061935484,0.008354508,0.390063544,0.004963635,0.715258386,0.448706066,0.533157907,0.022803309,0.003912111,0.000590605,0.204852408,0.337165921,0.276572174,0.002487101,0.864796043,0.725762124,0.349056382,0.003816297,0.904120144,0.002064467,0.056269216,0.000158794,0.000137562,0.59388606,1900000000,0.67156532,0.310263249,0.864796043,0.349056382,0.119052159,0.632122306,0.458049398,0.539246666,0.310303556,0.05997421,0,0.741433925,0.003216972,0.622685811,0.598166628,0.829357204,0.296308421,0.026701973,0.564693954,1,0.014707663
Company 22,0.401355238,0.455298735,0.445794743,0.59917266,0.599662722,0.998872375,0.796920486,0.808865085,0.302907227,0.781100079,0.000193807,2700000000,0.459600916,0.000783078,0,0.146854326,0.146854326,0.146854326,0.153446157,0.307172667,0.029478046,0.083055126,0.121187015,0.021991183,0.847338109,0.673908762,0.673908762,0.217491358,5350000000,0.000290219,0.262827237,0.356553407,0.003262392,0.001917686,0.6297674,0.058114701,0.256976147,0.743023853,0.005093114,0.406063304,0.005365848,0.083060563,0.120119146,0.423359141,0.071964018,0.000762886,0.008280355,4530000000,0.000146761,0.042741935,0.009679362,0.389079849,0.0053376,0.663915524,0.25852762,0.414399187,0.022557023,0.001990726,0.000529799,0.225946381,0.33611509,0.276710492,0.003640644,0.844263391,0.705754481,0.369839482,0.006898124,0.913020361,0.002014494,0.044445994,0.000212397,0.00013426,0.593797272,3160000000,0.67157672,0.171747924,0.844263391,0.369839482,0.130740633,0.647014709,0.4596846,0.527350345,0.317354479,0.084897402,0,0.739881583,0.004338696,0.622816572,0.599168833,0.82103204,0.316925261,0.026573826,0.56385382,1,0.012523172
Company 23,0.406668942,0.467291758,0.453450399,0.595994465,0.595994465,0.998830778,0.797190527,0.809128475,0.303466035,0.781353132,0.000176577,0,0.459605949,0.000582058,0,0.151531752,0.151531752,0.151531752,0.175002364,0.31159369,0.041895428,0.069864018,0.141372298,0.022100888,0.847974856,0.689456445,0.689456445,0.217598757,4670000000,0.000350634,0.264125696,0.365942029,0.003327915,0.001948254,0.629853358,0.026809473,0.221452973,0.778547027,0.004909772,0.391787431,0.005365848,0.069845457,0.140351406,0.409057599,0.148425787,0.001197082,0.005281427,0.000147699,0.000228462,0.063870968,0.053572845,0.368761448,0.029516011,0.676279736,0.227439327,0.370091194,0.04992772,0.002001466,0.001334543,0.198480138,0.336048548,0.276693295,0.003782286,0.85879677,0.719909603,0.346707013,0,0.915031112,0.002107568,0.06889951,7820000000,4860000000,0.593868433,3210000000,0.671563686,0.374422368,0.85879677,0.346707013,0.110933234,0.625578881,0.457258492,0.531929133,0.308228078,0.083357788,0,0.746585997,0.001053039,0.623323072,0.595993936,0.831081516,0.294222142,0.026590329,0.563976127,1,0.015185546
Company 24,0.433383708,0.486371566,0.482038653,0.604404791,0.604404791,0.998902186,0.797033095,0.808975362,0.303041612,0.781252781,0.000240061,156000000,0.46074499,0.00050005,0,0.161897939,0.161897939,0.161897939,0.178405975,0.314352409,0.025969115,0.088103575,0.137531069,0.022056781,0.813643479,0.687764459,0.687764459,0.217502541,5780000000,0.000362063,0.263389048,0.373421259,0.003276745,0.001348119,0.629643772,0.03559033,0.236418055,0.763581945,0.004863082,0.3955194,0.006487033,0.08811699,0.13648292,0.413585862,0.058470765,0.000732452,0.008639851,3290000000,5450000000,0.034354839,0.00760836,0.390447977,0.018384061,0.685038392,0.131399977,0.314496348,0.001006868,0.001315525,3110000000,0.171590325,0.339306744,0.276579212,0.005419683,0.693462982,0.718749744,0.348256358,0.009774564,0.914635424,0.002070628,0.035169583,0.000207516,8670000000,0.593800844,181000000,0.671571244,0.586725067,0.693462982,0.348256358,0.12518729,0.642170766,0.459191772,0.554437675,0.314221842,0.084560832,0,0.763139542,0.005850396,0.622856681,0.604405017,0.832636483,0.300589939,0.026543839,0.56361882,1,0.01396798
Company 25,0.494418174,0.567815089,0.549975909,0.61143862,0.61143862,0.999170949,0.797623255,0.809536904,0.303510507,0.781812501,8410000000,0,0.454103654,0.000665067,0,0.192069445,0.192069445,0.192069445,0.252529073,0.236259461,0.034469199,0.128979725,0.198764781,0.022184407,0.848123164,0.689628355,0.689628355,0.217620177,0.000100927,0.000479773,0.264281885,0.234259156,0.007342879,0.001243938,0.633093382,0.032249975,0.231490159,0.768509841,0.006493888,0.404566937,0.005529151,0.127265621,0.197647236,0.448373107,0.056971514,0.000937376,0.006739904,669000000,0.000953944,0.033548387,0.177797688,0.516541914,0.034285174,0.798310498,0.169842559,0.942712355,0.005340266,0.001202104,0.000119338,0.237500089,0.319094675,0.279211491,0.016205516,0.985980274,0.740822368,0.354443458,0.000276932,0.93731161,0.002820448,0.005175741,0.000821571,0.000146852,0.594020262,122000000,0.671568783,0.036817881,0.985980274,0.354443458,0.112037247,0.640939768,0.459053086,0.404760008,0.313729956,0.039432451,0,0.813855956,0.01381826,0.619851496,0.611440281,0.843781822,0.298167532,0.02682711,0.565324187,1,0.014353352
Company 26,0.476819578,0.522078064,0.530488784,0.606927168,0.606927168,0.999011147,0.79735363,0.809281977,0.303373706,0.781537694,0.000171489,6940000000,0.46976003,0.000332033,0,0.164636973,0.164636973,0.164636973,0.208943935,0.337978355,0.046553836,0.106180278,0.165549446,0.078909701,0.848186219,0.689682802,0.689682802,0.217626001,6220000000,0.000430089,0.26648095,0.407305987,0.007672363,0.003021883,0.62836057,0.014691909,0.182785621,0.817214379,0.005159716,0.37738071,0.005365848,0.106160535,0.164535103,0.410335694,0.185907046,0.00238402,0.002653095,5240000000,0.000276878,0.060483871,0.050655817,0.400477149,0.022161964,0.786712345,0.267346787,0.601095354,0.110427151,0.003286801,0.00401996,0.145607387,0.359830533,0.278280485,0.011675645,0.759015409,0.735806531,0.336178292,0.006985344,0.928747193,0.002205075,0.052511607,0.000119748,5140000000,0.593934668,6350000000,0.671582997,0.33176065,0.759015409,0.336178292,0.121220982,0.666985644,0.462647193,0.677456124,0.320401429,0.037790979,0,0.788302201,0.000743145,0.623490399,0.606927243,0.839119152,0.28543397,0.026325789,0.56119331,1,0.019234379
Company 27,0.448349827,0.446358482,0.489961989,0.596498941,0.596498941,0.998942165,0.79726357,0.809184459,0.303360654,0.781519448,7320000000,611000000,0.462424197,0.000260026,0,0.150056888,0.150056888,0.150056888,0.20090763,0.323123718,0.067713296,0.0894064,0.124726971,0.02215446,0.848094072,0.689270828,0.689270828,0.217608865,4570000000,0.000580888,0.26361284,0.390382251,0.00656285,0.004884671,0.630283147,0.025060415,0.217552982,0.782447018,0.005339276,0.392762641,0.005365848,0.089379061,0.140532388,0.423960676,0.265367316,0.000866363,0.007303484,0.00017445,0.00127016,0.158064516,0.114137156,0.384941544,0.011537582,0.770421251,0.61143287,0.792149483,0.173804256,0.004928127,0.0041446,0.222535084,0.343714778,0.278393291,0.004575568,0.98183908,0.734985126,0.348074061,0.000102016,0.911195355,0.00204701,0.056908436,9480000000,7570000000,0.593921382,6200000000,0.671565689,0.123607901,0.98183908,0.348074061,0.111216176,0.618972891,0.456442081,0.585987227,0.3062393,0.043948966,0,0.734998522,0.001238206,0.623588004,0.59649432,0.829514841,0.292953607,0.026685392,0.564598002,1,0.015529466
Company 28,0.519767952,0.538050589,0.558059853,0.622594733,0.622594733,0.999065916,0.797429579,0.809327677,0.303391833,0.781586957,0.000367955,5010000000,0.465973847,0.000349035,0.558761008,0.174876744,0.174876744,0.174876744,0.215940248,0.322840772,0.015033955,0.102597508,0.172629359,0.022060938,0.847965939,0.689149181,0.689149181,0.217564296,7380000000,0.000447532,0.263509492,0.386023248,0.009034605,0.005021292,0.632316338,0.004482076,0.097197448,0.902802552,0.005325371,0.373542497,0.005365848,0.102561597,0.171631099,0.396874158,0.088455772,0.000568107,0.011123872,0.00142808,0.000120283,0.022580645,0.018448071,0.398407996,0.017720725,0.792863313,0.4748412,0.459619118,0.100335429,0.009078699,0.005572811,0.095270705,0.353341678,0.276990097,0.00024316,0.91988636,0.734524723,0.32992766,0.001824611,0.937486817,0.002241921,0.041186918,0.000216589,0.000230434,0.593967324,0.000129252,0.671564092,0.325313394,0.91988636,0.32992766,0.112116071,0.63468823,0.457145967,0.60509745,0.313419599,0.032234203,0,0.79883476,0.000317581,0.623976804,0.622592283,0.840239861,0.278029347,0.027053408,0.566160243,1,0.039144944
Company 29,0.492175693,0.544319669,0.533326195,0.618104902,0.618104902,0.999083364,0.797455864,0.809338353,0.30340126,0.781598325,0.000278684,0,0.465022689,0.000243024,0.564328373,0.169440816,0.169440816,0.169440816,0.217736598,0.324679918,0.021885445,0.107727384,0.175868042,0.022043902,0.847959904,0.689140236,0.689140236,0.217563602,9400000000,0.000453571,0.261309649,0.389497411,0.007014019,0.005005072,0.631946823,0.011008672,0.16186474,0.83813526,0.005397702,0.37930429,0.005365848,0.107699448,0.174926476,0.404533354,0.107946027,0.000401733,0.015773407,0.000187634,0.000263261,0.031612903,0.011656361,0.396700663,0.00784558,0.769526619,0.410679093,0.465792051,0.022242326,0.00603275,0.00095541,0.123328414,0.348596657,0.277495445,0.002889391,0.723460672,0.733645091,0.333345174,0.010195041,0.933467259,0.002251154,0.038926681,0.000196705,0.000178131,0.593935928,2590000000,0.671566136,0.252617484,0.723460672,0.333345174,0.120812062,0.636070956,0.458191891,0.606115699,0.313158551,0.041219716,0,0.800780431,0.000517432,0.623736562,0.618103794,0.840533313,0.282763173,0.027033498,0.566098372,1,0.022209486
Company 30,0.453029786,0.516572176,0.505594518,0.596945762,0.596952968,0.99893997,0.797084143,0.80903955,0.303051763,0.781277061,8270000000,0,0.462243024,0.000726073,0,0.156799124,0.156799124,0.156799124,0.200151272,0.318914904,0.01119228,0.094129143,0.158017624,0.022460202,0.848115941,0.689409471,0.689409471,0.217595797,5960000000,0.000401067,0.2640138,0.377938601,0.003198118,0.001559601,0.625067807,0.022234381,0.21035765,0.78964235,0.005188581,0.392383517,0.007769085,0.09410165,0.157016816,0.398625176,0.04197901,0.001487223,0.004251613,7150000000,552000000,0.023225806,0.025571729,0.390176613,0.05942353,0.715123509,0.087235067,0.15796376,0.005559438,0.001758556,0.000327499,0.089798443,0.341701948,0.276685938,0.004074255,0.401236466,0.726919903,0.334301302,0.072717649,0.920882488,0.002028516,0.01597916,0.000145191,8250000000,0.593828362,1400000000,0.671571634,0.402247746,0.401236466,0.334301302,0.149144335,0.642588261,0.459232761,0.571700375,0.314457557,0.086458323,0,0.777094466,0.040160605,0.617349282,0.596946466,0.837052996,0.290903714,0.026050062,0.553328486,1,0.016198909
Company 31,0.477989568,0.538323157,0.529632207,0.616966229,0.616930195,0.999190361,0.797472741,0.809361267,0.303206934,0.781617694,0.000152525,5550000000,0.463412261,0.000445045,0.379694301,0.218659138,0.218659138,0.218659138,0.215940248,0.320612577,0.006458248,0.102108949,0.172554041,0.022123296,0.848061885,0.689645408,0.689645408,0.217903801,7390000000,0.00048424,0.263923662,0.378897955,0.00840247,0.002406153,0.633104683,0.002629059,0.065906823,0.934093177,0.005929847,0.372200464,0.006184801,0.102097481,0.171103235,0.394359499,0.023988006,0.000817668,0.007726168,0.000245338,5830000000,0.012258065,0.020257627,0.407442165,0.042561417,0.772502639,0.281605041,0.277115537,0.004187804,0.008316326,0.000356131,0.062058027,0.345942691,0.277020486,0.000579582,0.867257421,0.733086713,0.328289628,0.002953528,0.932301129,0.002269321,0.008616534,0.000519683,0.000535737,0.594018597,204000000,0.671492435,0.187754228,0.867257421,0.328289628,0.111941858,0.621767783,0.451376431,0.576245497,0.312019021,0.034596466,0,0.797930737,0.021719979,0.61942679,0.616961618,0.840158823,0.276685702,0.027788908,0.56760546,1,0.058526706
Company 32,0.340174523,0.375654165,0.364419937,0.626414333,0.626414333,0.99776289,0.796212874,0.808079475,0.30399173,0.780196778,0.001733391,0.001159295,0.343817887,0,0,0.151826725,0.151826725,0.151826725,0.19258769,0.307066563,0.003599679,0.075156746,0.154854259,0.023199959,0.847975091,0.689174889,0.689174889,0.21756771,4410000000,0.000379381,0.263174581,0.334600052,0.075917392,0.073005551,0.630610882,0.000553534,0.016809263,0.983190737,0.007651476,0.369637181,0.005365848,0.075129871,0.153827012,0.395545153,0.044977511,0.001091577,0.005791211,7990000000,0.000304112,0.014032258,0.003745428,0.376970218,0.001608302,0.943999806,0.775138435,0.762612378,0.355407072,0.074064579,0.097687586,0.01887028,0.026274053,0.276989047,0.00511334,0.888891889,0.74042808,0.32670519,0,0.873136135,0.002053616,0.102755093,0.000595267,0.000612693,0.594299592,0.000731225,0.671076494,0.090985137,0.888891889,0.32670519,0.110933234,0.331160074,0.073968974,0.354663247,0.283591443,0.003682841,0,0.689880264,0.000255979,0.623933769,0.626412271,0.83480436,0.275180913,0.026790629,0.56515588,1,0.203980771
Company 33,0.434114951,0.462549062,0.480057819,0.623012727,0.623012727,0.998632614,0.79687428,0.808805976,0.303328025,0.781033552,0.000808415,0.000302558,0.486568867,0.000541054,0,0.156967679,0.156967679,0.156967679,0.19457313,0.331187664,0.00839421,0.082403713,0.154628305,0.022033962,0.848079837,0.689473613,0.689473613,0.217602331,3700000000,0.000389688,0.264257019,0.411329682,0.012484204,0.009433091,0.6302739,0.006178243,0.119267164,0.880732836,0.024232816,0.37362861,0.005365848,0.082352175,0.15364603,0.400885289,0.052473763,0.000243474,0.025962249,3420000000,0.000277635,0.019354839,0.008862712,0.382250514,0.000385124,0.809043853,0.386669443,0.4107257,0.000563903,0.011388844,479000000,0.06211808,0.378054486,0.277069218,0.003182124,0.486479295,0.7359678,0.328927817,0.014444939,0.892959364,0.002097061,0.069170813,0.000251372,0.00024239,0.594008262,93300000,0.671564623,0.011455274,0.486479295,0.328927817,0.120351703,0.636929373,0.458001269,0.709987828,0.313628328,0.023457564,0,0.742136914,0.000439615,0.623860401,0.623009271,0.835860911,0.279259676,0.026688879,0.564618457,1,0.03137522
Company 34,0.498708136,0.53995857,0.554526474,0.609521613,0.609521613,0.999028132,0.797386417,0.809312834,0.303395459,0.781606185,0.000196119,6960000000,0.458926549,0.000440044,0,0.172179849,0.172179849,0.172179849,0.220667486,0.306995827,0.033274347,0.105691719,0.170821722,0.022126188,0.848055909,0.689281187,0.689281187,0.217661594,581000000,0.000497516,0.264049545,0.358006408,0.008362532,0.004268316,0.634285489,0.01532022,0.185718173,0.814281827,0.006920583,0.381265895,0.005365848,0.105647565,0.169715708,0.405112115,0.106446777,0.000578252,0.010930035,0.000515897,0.00040397,0.043870968,0.011712175,0.394563669,0.001414584,0.813309656,0.831287282,0.812620177,0.044251796,0.008329426,0.001298624,0.180739415,0.33377567,0.277010284,0.00044269,0.93060169,0.738841293,0.338913411,0.001562253,0.931744241,0.002235738,0.032494212,0.000295837,0.000309399,0.593974319,4360000000,0.671560741,0.053529762,0.93060169,0.338913411,0.114115767,0.627738517,0.457177662,0.523500814,0.310784852,0.034757338,0,0.797048103,0.000786469,0.62420109,0.609519758,0.840176681,0.285889958,0.032588111,0.569420313,1,0.018868132
Company 35,0.454638522,0.518916267,0.507896568,0.592520792,0.592520792,0.998922984,0.797340764,0.809273775,0.303535644,0.781530536,2870000000,0,0.460305478,0.000275028,0,0.186675656,0.186675656,0.186675656,0.204216697,0.31237179,0.067955291,0.083299406,0.160352489,0.02189017,0.847300311,0.688899249,0.688899249,0.21753961,6900000000,0.000410649,0.263447327,0.36415372,0.009440844,0.003180339,0.629354392,0.017314584,0.194153037,0.805846963,0.007108625,0.377689378,0.005365848,0.084469197,0.160319735,0.414582616,0.163418291,0.001655626,0.003817827,5640000000,0.001550064,0.055,0.031112025,0.388039619,0.002605744,0.83346571,0.444876666,0.835712894,0.159118523,0.004844351,0.005106466,0.165233614,0.338003861,0.277651817,0.012218476,0.812852621,0.741806065,0.338768268,0.003933387,0.928528317,0.002059285,0.008585224,0.000206505,0.000109576,0.593969264,0.000108563,0.671577986,0.053561757,0.812852621,0.338768268,0.119840204,0.653717036,0.460700342,0.548075927,0.31746955,0.030878826,0,0.787359824,0.004476241,0.622537063,0.592522538,0.838892311,0.287335753,0.026518739,0.563408301,1,0.017881397
Company 36,0.498513138,0.574465765,0.548102147,0.609384684,0.609737817,0.998998899,0.797593651,0.809350461,0.303818674,0.781673975,0.000228845,4140000000,0.464769382,0.000410041,0.144650268,0.178037167,0.178037167,0.178037167,0.230405597,0.330268091,0.032669359,0.101050403,0.195074188,0.022128259,0.848031899,0.690824662,0.695830532,0.217994881,642000000,0.000479473,0.264547637,0.387578704,0.005548813,0.002670037,0.631338612,0.020786256,0.206125102,0.793874898,0.005063943,0.38415462,0.007048235,0.101014542,0.194103009,0.408577978,0.077961019,0.000622889,0.010157247,4180000000,9460000000,0.038548387,0.016288941,0.394009633,0.022918189,0.743054701,0.214526369,0.401213957,0.038333181,0.002882443,0.00152526,0.133176513,0.346952015,0.273346252,0.007239288,0.614323744,0.730913866,0.337658318,0.018610645,0.933519125,0.002265189,0.027285607,0.000201935,0.000108612,0.593904619,5290000000,0.671572448,0.445033415,0.614323744,0.337658318,0.134016628,0.643070647,0.459292056,0.60630823,0.314609338,0.051613298,0,0.801576163,0.005958369,0.623370945,0.609384961,0.8408917,0.289853809,0.026979489,0.565920571,1,0.016611831
Company 37,0.367815532,0.408962058,0.410728626,0.593875668,0.593839634,0.998827773,0.797151099,0.809091368,0.303403435,0.781350044,0.000144893,700000000,0.460184696,0.000258026,0,0.145084489,0.145084489,0.145084489,0.151744351,0.312831577,0.065701711,0.054555818,0.115839422,0.021968505,0.847865228,0.689106275,0.689106275,0.217564973,5650000000,0.000307064,0.263128735,0.365457695,0.006127282,0.002408648,0.630410885,0.047723397,0.249538955,0.750461045,0.006499172,0.406462558,0.005365848,0.060009445,0.122049619,0.42713314,0.211394303,0.001584612,0.003992024,0.000104326,0.001675643,0.101129032,0.053378964,0.368331788,0.003457721,0.755830433,0.468963559,0.654768769,0.032820541,0.004269021,0.000885156,0.196709136,0.337911219,0.282220826,0.005152488,0.755154141,0.733285357,0.358332476,0.009718517,0.905385154,0.001976183,0.052838069,0.00010931,8010000000,0.593917027,1600000000,0.671571309,0.057940501,0.755154141,0.358332476,0.147995974,0.640308778,0.459003592,0.542749547,0.31305402,0.046946582,0,0.717446434,0.000977392,0.623580397,0.593870356,0.817530344,0.309389312,0.026731619,0.564857557,1,0.013020721
Company 38,0.469799639,0.535542957,0.521334119,0.599309589,0.599309589,0.999001672,0.797382681,0.809303069,0.30344404,0.781560431,586000000,1490000000,0.457837833,0.000358036,0,0.169398677,0.169398677,0.169398677,0.213954808,0.304024899,0.026226235,0.100236137,0.170143858,0.022077072,0.848070308,0.688949397,0.688949397,0.217543868,5800000000,0.000450776,0.263983495,0.35062032,0.007925092,0.001363091,0.635979302,0.016820325,0.192187925,0.807812075,0.005672144,0.380905783,0.005365848,0.100208445,0.169195385,0.419145712,0.083958021,0.001296501,0.004878382,1910000000,0.000378249,0.035967742,0.033074336,0.396463219,0.01093597,0.803591127,0.265549373,0.795771963,0.004747955,0.002514896,0.00013507,0.186461329,0.330750638,0.278372951,0.014318533,0.928440363,0.738127282,0.340118754,0.001424422,0.930257022,0.002221426,0.010455699,0.000370671,0.000121824,0.593978556,592000000,0.671569643,0.115718753,0.928440363,0.340118754,0.113948775,0.640175065,0.458906753,0.503414344,0.313838854,0.036623427,0,0.795421603,0.002643143,0.62133523,0.599306891,0.839971585,0.286977519,0.040254314,0.569830514,1,0.018104263
Company 39,0.438794911,0.090165722,0.464585899,0.540776027,0.540776027,0.997789235,0.790786885,0.802967406,0.294456708,0.780105129,0.000332917,0.000315631,0.461073786,0.000240024,0,0.120601745,0.120601745,0.120601745,0.190224071,0.316792813,0.003720677,0.074912466,0.079460722,0.021378293,0.736430138,0.534823648,0.534823648,0.214353605,249000000,0.00016702,0.259242682,0.370068179,0.000719499,0.000708683,0.630546842,0.090126665,0.331892251,0.668107749,0.004675902,0.279725465,0.005365848,0.074885599,0.080604781,0.38400746,0.025487256,0.00063912,0.009888266,0.000194894,1970000000,0.017903226,0.007764053,0.361615522,0.042332313,0.494209927,0.147606865,0.176470843,0.089599179,0.000663179,0.001386683,0.343142737,0.339719316,0.276956085,0.000504468,0.998847799,0.825196505,0.246324968,0,0.804014459,0.00190258,0.200450703,0.000192444,0.000166088,0.593187299,0.000262924,0.67110096,0.810374723,0.998847799,0.246324968,0.110933234,0.435124903,0.44305749,0.554803074,0.485367132,0.296636322,1,0.411809225,0.011097909,0.625487316,0.540774613,0.996911695,0.209221714,0.026778652,0.565098057,1,0.008752801
Company 40,0.395212792,0.415013083,0.427485411,0.592866718,0.592895545,0.998717195,0.796671611,0.808604951,0.302797012,0.780867938,0.000240524,6320000000,0.458711826,0.00029603,0,0.166533227,0.166533227,0.166533227,0.170747849,0.310780222,0.014065974,0.079228076,0.133614521,0.021931874,0.847249056,0.686332446,0.686332446,0.217230577,58600000,0.000365806,0.262280968,0.362290898,0.005127597,0.003305107,0.630452665,0.011318724,0.163890317,0.836109683,0.005124705,0.380815195,0.006180535,0.079225495,0.133029183,0.403257938,0.061469265,0.000537673,0.011776259,4890000000,9230000000,0.021290323,0.015836552,0.379095905,0.020139134,0.73117636,0.347873422,0.465508416,0.097387805,0.003746315,0.003106617,0.166234997,0.332881333,0.276033621,0.003921826,0.967777103,0.730131875,0.335982261,0.001203279,0.90736297,0.001947657,0.044063791,0.000296995,0.000225615,0.593882543,0.000166879,0.671520877,0.323791821,0.967777103,0.335982261,0.112116273,0.604106179,0.453220823,0.523477438,0.306475963,0.055643752,0,0.723120734,0.001595266,0.623017481,0.592867533,0.832500082,0.28298742,0.026741101,0.564907851,1,0.021886111
Company 41,0.459123483,0.526875273,0.511055196,0.612851151,0.612851151,0.998869255,0.797139341,0.809080302,0.303296121,0.7813645,0.000408544,0,0.457680146,0.000414041,0,0.182082508,0.182082508,0.182082508,0.21102392,0.288604372,0.0037963,0.093559156,0.166603901,0.022107414,0.848017324,0.68958193,0.68958193,0.217603549,7080000000,0.000437076,0.264083735,0.319827875,0.008112923,0,0.618090506,0.025006611,0.217432052,0.782567948,0.923930011,0.395615579,0.005365848,0.093556109,0.165643617,0.441272576,0.007496252,0.450399197,137000000,95500000,0.034985751,0.011774194,0.012537638,0.388118767,3480000000,0.820982455,0.037695512,0.988766677,0.000890695,0.000200198,2090000000,0.226224232,0.329541107,0.278828427,0.020777107,0.998928049,0.742752235,0.348401735,0,0.93045371,0.002120713,0.004319901,0.005572368,0.000243799,0.594907305,1300000000,0.671493266,8320000000,0.998928049,0.348401735,0.110933234,0.635904462,0.45844342,0.487125599,0.312128389,0.035799024,0,0.793176261,0.00204394,0.617459722,0.612848555,0.83956297,0.292914722,0.026473396,0.562991745,1,0.015540764
Company 42,0.459220982,0.520660706,0.511108732,0.594394557,0.594394557,0.998852847,0.797259282,0.809192922,0.303539995,0.781450676,0.000128819,469000000,0.456492455,0.000753075,0,0.150604694,0.150604694,0.150604694,0.207714853,0.309719177,0.01324924,0.088510708,0.164193718,0.021964381,0.847860463,0.689640416,0.689605705,0.217618933,4770000000,0.000416638,0.26456551,0.351924295,0.006445534,0.002155369,0.624254462,0.014172115,0.18021586,0.81978414,0.005464303,0.383869438,0.00603795,0.088532252,0.163177739,0.403556696,0.074962519,0.000746655,0.008463092,6460000000,0.000235271,0.030967742,0.017023339,0.385823478,0.009346869,0.761535438,0.382824069,0.529053742,0.008004834,0.00454102,0.000279717,0.151711967,0.328812805,0.278984862,0.005272712,0.802587131,0.73307586,0.336370547,0.006070937,0.899659604,0.002145465,0.032133546,0.000247944,0.000182327,0.593928133,1020000000,0.671558297,0.188166788,0.802587131,0.336370547,0.118644163,0.62870128,0.457252076,0.495881159,0.311189973,0.044716019,0,0.78005112,0.009527578,0.623364266,0.594392722,0.838166292,0.28505734,0.025969538,0.547551736,1,0.01956116
Company 43,0.492419441,0.552823812,0.540714171,0.600383401,0.600383401,0.999035065,0.797478966,0.809377152,0.303542653,0.781636361,4260000000,0,0.465336386,0.000143014,0.247899585,0.217605663,0.217605663,0.217605663,0.225961993,0.323335927,0.035875796,0.107645957,0.182722,0.022211414,0.848168773,0.689685745,0.689685745,0.217619122,6520000000,0.000448305,0.264133467,0.378488134,0.01089669,0.009305828,0.630697182,0.004249537,0.093750945,0.906249055,0.005272785,0.371485831,0.005365848,0.107634309,0.181750999,0.399347287,0.110944528,0.00062086,0.010187988,0.000195468,0.000147517,0.026451613,0.041205587,0.402161869,0.0324919,0.797375603,0.334612628,0.379763804,0.102909764,0.009320869,0.008270808,0.065692112,0.348464318,0.277147987,0.00442322,0.653353143,0.734753988,0.328720386,0,0.95524518,0.002599155,0.005855136,0.000132166,0.000120901,0.593959321,0.000101668,0.671598086,0.348274346,0.653353143,0.328720386,0.110933234,0.676700666,0.468303359,0.588670291,0.31918577,0.026824823,0,0.808611393,0.002421587,0.625345881,0.600379552,0.840900941,0.277861198,0.026811296,0.565252628,1,0.040673836
Company 44,0.337639546,0.254306585,0.378446384,0.590841609,0.590841609,0.99886937,0.796943035,0.808896853,0.302952908,0.78134022,5530000000,0,0.465222314,0.000276028,0,0.131010071,0.131010071,0.131010071,0.164791529,0.326306854,0.049730024,0.0740982,0.091737591,0.018849012,0.847953398,0.687464784,0.687464784,0.217495506,257000000,0.000224065,0.261367928,0.445614917,0.005644288,0.003087386,0.630567047,0.085127532,0.268706352,0.731293648,0.005033465,0.402533758,0.007171322,0.074055075,0.09063419,0.471816919,0.244377811,0.000856218,0.007381189,0.000190118,0.0009721,0.09016129,0.042624444,0.378982836,0.0056041,0.740425902,0.465562402,0.739235605,0.108758112,0.003446214,0.002405984,0.239914782,0.350563514,0.272963021,0.006030735,0.858172951,0.727664418,0.391127673,0.004780318,0.852515848,0.001931229,0.136224113,7290000000,462000000,0.593911524,3330000000,0.671564294,0.18748493,0.858172951,0.391127673,0.144985264,0.609091618,0.456022807,0.649731705,0.282216462,0.050779839,0,0.557733072,0.00084655,0.62330188,0.590838406,0.726888084,0.336515401,0.026777371,0.565091796,1,0.011797172
Company 45,0.430263735,0.495638901,0.482574014,0.60222834,0.60222834,0.998956377,0.79720187,0.809169096,0.303223127,0.781385413,0.000150906,0,0.460674534,0.000253025,0,0.16598542,0.16598542,0.16598542,0.197598563,0.316403763,0.021068712,0.094780555,0.156435942,0.022145278,0.848136775,0.689164502,0.689164502,0.217546755,609000000,0.00041554,0.263713857,0.374483067,0.006381259,0.003426756,0.630165683,0.010094931,0.15542522,0.84457478,0.00515496,0.377731875,0.005783246,0.094793753,0.156104366,0.401356871,0.100449775,0.001426354,0.004432642,7380000000,0.000136926,0.030645161,0.006039687,0.391850026,0.005512117,0.757738038,0.236223918,0.392715226,0.07324888,0.003737119,0.003399623,0.114105755,0.339152968,0.280110327,0.007180483,0.695889626,0.7325435,0.332510066,0.008183742,0.921701056,0.002125676,0.037742749,0.000148591,9030000000,0.593921975,7780000000,0.671571838,0.374695337,0.695889626,0.332510066,0.117335048,0.642369302,0.459182509,0.557056451,0.314456512,0.045151647,0,0.772904746,0.000795967,0.623404637,0.602226423,0.837796506,0.282100053,0.026688018,0.564613422,1,0.023280115
Company 46,0.512358017,0.562309202,0.564966005,0.601904034,0.601860794,0.999041882,0.797443275,0.809355539,0.303466035,0.781638466,5940000000,0,0.464484202,0.000776078,0.181799777,0.181492562,0.181492562,0.181492562,0.226623806,0.323300559,0.036964775,0.109193062,0.178127589,0.022092133,0.848026405,0.689351532,0.689351532,0.217600506,8080000000,0.000492125,0.263936095,0.383592266,0.005843352,0.003488516,0.632571472,0.008437064,0.14206246,0.85793754,0.00504292,0.378780898,0.005490153,0.108652108,0.177053013,0.39923609,0.155922039,0.001828087,0.003460039,0.000157062,0.000138439,0.040967742,0.061380961,0.408561543,0.061335377,0.749024321,0.249046086,0.338501679,0.072834272,0.004204769,0.003596241,0.10722799,0.34733383,0.267393652,0.004586393,0.714146113,0.731797711,0.33161788,0.012508949,0.935399654,0.00233884,0.017825576,8670000000,661000000,0.593913434,557000000,0.671583463,0.57045038,0.714146113,0.33161788,0.118666941,0.661827655,0.462660256,0.595352529,0.317952961,0.049126768,0,0.807311488,0.023503532,0.623017,0.601901385,0.841052207,0.280898083,0.027361469,0.566924586,1,0.025802937
Company 47,0.392970312,0.430876581,0.437014829,0.601522074,0.601522074,0.998827658,0.79697098,0.808916513,0.303088985,0.781146394,0.000268508,9390000000,0.476877784,0.000224022,0,0.156504151,0.156504151,0.156504151,0.186536825,0.324007922,0.014973456,0.085905057,0.148226256,0.021997204,0.847825724,0.688356135,0.688356135,0.217474312,5550000000,0.000364434,0.262297286,0.386647293,0.025348439,0.020013425,0.630467048,0.009030723,0.147141518,0.852858482,0.005621422,0.378491242,0.005365848,0.086260524,0.147718875,0.399828248,0.094452774,0.000413906,0.01528924,0.001534508,0.000174751,0.026290323,0.015930555,0.384873703,0.01076467,0.866894952,0.566923485,0.554747449,0.086149801,0.024953748,0.010917963,0.041484993,0.353232453,0.276988555,0.001369136,0.258701276,0.741463481,0.328358834,0.020599708,0.911240867,0.002026605,0.053806596,0.000219472,0.00023082,0.594036488,9330000000,0.671596851,0.272141023,0.258701276,0.328358834,0.132333844,0.672250871,0.464352337,0.624517874,0.319997128,0.01154168,0,0.731892051,0.000569133,0.624332632,0.601523807,0.834145648,0.281328456,0.026747155,0.564939473,1,0.024794769
Company 48,0.449958563,0.545082861,0.500829809,0.598502429,0.598502429,0.998307118,0.797668216,0.809566068,0.305396001,0.779625268,0.000740883,0,0.459498587,0.000490049,0.044741371,0.147022881,0.147022881,0.147022881,0.207998487,0.316403763,0.00074111,0.092907744,0.170671085,0.02225266,0.848142598,0.689725015,0.689725015,0.217617549,60400000,0.000449728,0.264595038,0.373672739,0.007828369,0.001238947,0.634005699,0.015678604,0.187350727,0.812649273,0.005054488,0.385929458,0.005931315,0.092921002,0.169708167,0.402304055,0.004497751,0.000373327,0.016938139,268000000,454000000,0.010483871,0.00880396,0.372764071,0.278726097,0.767547027,0.038345605,0.26117018,0.02146829,0.001162729,0.001806609,0.062717561,0.338817767,0.278776763,0.017559371,0.311041787,0.733823224,0.330673496,0.050384087,0.894707512,0.002265425,0.010691675,0.002129154,0.000356708,0.594257306,0.000445247,0.671641086,0.665915125,0.311041787,0.330673496,0.1450093,0.647219819,0.459861683,0.553545626,0.315649915,0.037061241,0,0.798165324,0.002582077,0.622328804,0.59850213,0.840318871,0.286149876,0.030688448,0.569122395,1,0.018672399
Company 49,0.384975381,0.427060619,0.457090851,0.593645051,0.593645051,0.99778288,0.794058913,0.806762919,0.300186664,0.779425688,0.001187587,0.000449931,0.460714795,0.001086109,0,0.129956597,0.129956597,0.129956597,0.187198639,0.316120818,0.002858569,0.079472356,0.135723431,0.021956195,0.848079414,0.689420406,0.689420406,0.217596109,5260000000,0.000252513,0.264260127,0.371167244,0.002587199,0.000405496,0.629781784,0.117225216,0.276113311,0.723886689,0.00485307,0.441969388,0.005365848,0.07947791,0.134688183,0.434070226,0.016491754,0.000235359,0.026826405,1550000000,1440000000,0.019193548,0.004030375,0.376110898,0.037262369,0.653618507,0.126777104,0.298176173,0.000433,0.001052517,1140000000,0.201803315,0.339229551,0.276724436,0.004319534,0.700065443,0.676961241,0.399419074,0.027357692,0.869387641,0.002007361,0.059675485,0.000669257,0.000291932,0.593369732,252000000,0.671542821,0.693022385,0.700065443,0.399419074,0.217742528,0.63637306,0.45866105,0.552095711,0.306167176,0.104796461,0,0.71818312,0.000838837,0.622743957,0.593646894,0.790542181,0.359793141,0.026615908,0.564156645,1,0.011369004
Company 50,0.38741286,0.444614043,0.430751111,0.59321985,0.59321985,0.998838635,0.797232167,0.80916519,0.303522351,0.781413062,0.000124194,3340000000,0.45835619,0.000636064,0,0.165479752,0.165479752,0.165479752,0.163656992,0.307632454,0.075336147,0.052438726,0.129697974,0.021953635,0.847992972,0.689435526,0.689435785,0.217598203,4970000000,0.000340877,0.264079073,0.3591893,0.00802868,0.005418678,0.630439652,0.019298006,0.201348369,0.798651631,0.007349781,0.373930568,0.006038559,0.052388164,0.128828897,0.411896472,0.226386807,0.001089548,0.005800604,0.00022432,0.003622111,0.070967742,0.050990703,0.37122634,0.001762211,0.798369044,0.576590506,0.689679577,0.159874462,0.006524994,0.005306666,0.159739519,0.333725614,0.277368058,0.004236797,0.757264835,0.738049001,0.339260351,0,0.891757808,0.001975314,0.039000923,0.000101122,8800000000,0.593934551,6920000000,0.671542593,0.034834601,0.757264835,0.339260351,0.110933234,0.55415589,0.447951678,0.519805578,0.288891424,0.036164154,0,0.737801885,0.004405106,0.623769867,0.59321681,0.831685223,0.288774375,0.026738899,0.56489626,1,0.01710051
Company 51,0.456101009,0.52071522,0.510894588,0.597630407,0.597817783,0.998937659,0.797333017,0.80927091,0.303491413,0.781535588,9890000000,340000000,0.455702339,0.000272027,0,0.173528296,0.173528296,0.173528296,0.209794838,0.295006013,0.03592117,0.091360638,0.163817127,0.022058362,0.847841382,0.688656099,0.688656099,0.217520885,0.000112821,0.000438648,0.263607401,0.335130956,0.006351306,0.004608933,0.628886248,0.016231226,0.189739094,0.810260906,0.005535187,0.38223775,0.005549259,0.091430944,0.163004298,0.414401753,0.137931034,0.00062086,0.010178595,9840000000,0.000420613,0.041935484,0.017325911,0.390606273,0.005287989,0.761252295,0.472804178,0.625051471,0.038191669,0.00467814,0.001116062,0.181505959,0.325015512,0.279162054,0.00467558,0.914962693,0.733145848,0.339442082,0.001666522,0.929417374,0.002157516,0.015428529,0.000221821,0.00017082,0.593924646,3710000000,0.671579749,0.136910723,0.914962693,0.339442082,0.11364835,0.652841999,0.460614429,0.469170925,0.317125351,0.045353716,0,0.789399545,0.001479897,0.62339867,0.597630934,0.839200698,0.286550666,0.026478092,0.563037243,1,0.018387382
Company 52,0.46853215,0.52027911,0.519888645,0.601356318,0.601356318,0.998960537,0.797282108,0.809208025,0.303354853,0.781453483,0.000132751,1140000000,0.460530267,0.00060106,0,0.162066495,0.162066495,0.162066495,0.201002175,0.314564618,0.02723959,0.095187688,0.160352489,0.022069029,0.84791973,0.689202762,0.689202762,0.217562992,6580000000,0.000410899,0.263988935,0.372266309,0.004463637,0.003319455,0.625121231,0.025058591,0.217552982,0.782447018,0.00497287,0.391145492,0.005365848,0.095168303,0.159346957,0.408607452,0.083958021,0.000555933,0.011362113,0.000149419,8020000000,0.039677419,0.00709722,0.391929174,0.011368091,0.71770572,0.306712984,0.380118977,0.059089675,0.003540221,0.00201961,0.155117411,0.338888058,0.276613338,0.002741695,0.680072352,0.726869723,0.341448877,0.017401907,0.924267613,0.002130763,0.022965037,0.000181354,0.000150153,0.593872792,7780000000,0.671560459,0.530582098,0.680072352,0.341448877,0.134312954,0.63129629,0.457899036,0.552306123,0.310523083,0.063429205,0,0.78260733,0.001472478,0.622197996,0.6013526,0.837737108,0.292951936,0.025965398,0.547145946,1,0.015529951
Company 53,0.473650856,0.515699956,0.515659297,0.578164863,0.578164863,0.998647751,0.795878782,0.807893943,0.301556855,0.780016567,737000000,0,0.45898023,0.000465047,0,0.137162361,0.113353841,0.113353841,0.171315118,0.314387777,0.00331231,0.090383519,0.135422159,0.022192862,0.848105941,0.689455896,0.689455896,0.217599391,6120000000,0.00033102,0.264110932,0.375423792,0.002554126,0.002277641,0.625582869,0.121796661,0.276869124,0.723130876,0.004984355,0.514238967,0.005365848,0.090356148,0.151029334,0.393715092,0.007496252,0.062631755,0.000100761,0.034518298,378000000,0.017741935,0.020339879,0.370728839,0.621376678,0.741420082,0.021722343,0.020834903,0.023748743,0.002690836,0.006757579,0.018211827,0.340170248,0.276974491,644000000,0.049582159,0.726598953,0.333175053,1,0.912138876,0.001891175,0.00949855,0.000128096,0.00014011,0.593798032,0.000316529,0.67163886,1,0.049582159,0.333175053,0.480440416,0.649389856,0.459877205,0.56038008,0.323143168,0.106007287,0,0.777093603,0.387361107,0.623851962,0.578164435,0.827608107,0.363108824,0.026053196,0.55349435,1,0.011326357
Company 54,0.27772632,0.314707806,0.307350501,0.596621456,0.596650283,0.998975674,0.797176416,0.809113241,0.303138291,0.78136043,4210000000,968000000,0.452860606,0.000220022,0,0.102397708,0.102397708,0.102397708,0,0.208460069,0.235975619,0.111798713,0,0.022067385,0.847970997,0.686572048,0.686572048,0.217274781,6290000000,0.000121752,0.260527154,1,0.005096396,0.003948286,0.630492048,0.103997848,0.326934123,0.673065877,0.004170954,0.270742793,0.005365848,0.111363525,0,0.283785467,0.410794603,0.000982013,0.006443597,0.000239797,0.004177381,0.396129032,0.128334533,0.398374076,0.003905976,0.709947916,0.806118194,0.943632684,0.027731186,0.004261677,0.000437196,0.336844125,0.31518342,0.276394388,0.002511576,0.995158051,0.749178726,0.234390635,0,0.888249444,0.002016521,0.104957435,81000000,7280000000,0.593904212,728000000,0.671570632,0.050610983,0.995158051,0.234390635,0.110933234,0.634720333,0.4586242,0.299383065,0.322466292,0.055965835,1,0.664813926,0.003231135,0.623270282,0.596618609,0.902744139,0.199162103,0.026754635,0.564978021,1,0.00894979
Company 55,0.455808512,0.493403838,0.504684405,0.596599836,0.596599836,0.998944014,0.797232997,0.809159201,0.30330313,0.781413343,7300000000,419000000,0.465940297,0.000380038,0,0.19228014,0.19228014,0.19228014,0.176987804,0.330020514,0.055674032,0.090953505,0.140468479,0.022007207,0.847747247,0.689263009,0.689266789,0.217582753,4860000000,0.000393755,0.263821868,0.384188369,0.007409025,0.003693135,0.629630758,0.016595993,0.191250718,0.808749282,0.005046507,0.386358909,0.005365848,0.090901689,0.139454038,0.40276492,0.109445277,0.001491281,0.00424222,7430000000,9910000000,0.041935484,0.016256628,0.391035933,0.02034376,0.769235464,0.212417727,0.352064099,0.061007552,0.004356958,0.003636744,0.088734105,0.346740219,0.278060381,0.008233632,0.436592346,0.734089372,0.332765161,0.032131677,0.921548329,0.002040976,0.026815774,0.000107263,6540000000,0.593930551,5390000000,0.671558384,0.617489857,0.436592346,0.332765161,0.141099442,0.622572742,0.456544118,0.602052999,0.309235925,0.039092893,0,0.766273914,0.021123654,0.624292366,0.596598586,0.836180031,0.286814996,0.026528564,0.563492292,1,0.018209711
Company 56,0.41261639,0.422208897,0.453557471,0.598358293,0.598358293,0.998916167,0.796831256,0.808783582,0.302659727,0.781214605,0.000128935,0,0.48864397,0.000850085,0,0.142008344,0.142008344,0.142008344,0.197125839,0.338367405,0.011101532,0.092907744,0.148000301,0.022143145,0.848064638,0.688458768,0.688458768,0.217539299,1860000000,0.000312928,0.263097653,0.493060989,0.004205915,0.000228326,0.630058835,0.009224049,0.148713608,0.851286392,0.005122035,0.379078381,0.006280467,0.092880291,0.146972325,0.402083001,0.083958021,0.009428545,0.000670319,2250000000,0.000187611,0.028064516,0.292789683,0.348669184,0.185028301,0.7159248,0.024428491,0.321501392,0.003169263,0.000253353,0.000120739,0.139115151,0.413579358,0.275790218,0.010558481,0.889392189,0.72904855,0.333547831,0,0.828564597,0.001998805,0.086986679,8490000000,0,0.593888102,250000000,0.671570451,0.348954604,0.889392189,0.333547831,0.110933234,0.639906776,0.458756429,0.915633516,0.314000508,0.06707604,0,0.678242342,0.008543849,0.623108836,0.598353835,0.829093737,0.281468962,0.026636821,0.564296631,1,0.02449331
Company 57,0.505971823,0.462276494,0.531452433,0.560904596,0.560861356,0.998283893,0.796460642,0.808441553,0.303334792,0.780608709,0.000160041,0.000157051,0.463090176,0.000241024,0,0.13926931,0.13926931,0.13926931,0.191264064,0.320046686,0.005444893,0.078006677,0.150937712,0.022194774,0.848108083,0.689597482,0.689597482,0.217615883,4610000000,0.000355625,0.265571796,0.378730301,0.000876128,0.00052465,0.63020849,0.032987716,0.232638994,0.767361006,0.004966168,0.403141028,0.010327703,0.078256551,0.15115753,0.396504395,0.031484258,0.003631826,0.00174112,0.000245338,2420000000,0.022580645,0.021981993,0.342382578,0.100866619,0.654064395,0.03892962,0.075041023,0.018071466,0.000472907,0.000721148,0.132788714,0.343457653,0.276921125,0.00140039,0.542162451,0.71364326,0.342281046,0.137838302,0.883764848,0.00160321,0.013618633,82200000,4540000000,0.593627619,5560000000,0.671522659,0.650541511,0.542162451,0.342281046,0.159270336,0.622061053,0.456964114,0.585529192,0.305637006,0.257160081,0,0.745955082,0.127167966,0.623995531,0.560899384,0.829412669,0.298702796,0.026677128,0.564548916,1,0.014261509
Company 58,0.456344757,0.503924989,0.498527758,0.594473832,0.594473832,0.998869486,0.79712025,0.809062334,0.303262283,0.781287167,0.000113439,0,0.460976489,0.000782078,0,0.164131305,0.164131305,0.164131305,0.194100407,0.316686709,0.016440552,0.088185001,0.154552986,0.021995481,0.847903825,0.689030476,0.689030476,0.217570936,5930000000,0.000409227,0.263653247,0.375386536,0.003650535,0.00110295,0.628061259,0.016400843,0.190464673,0.809535327,0.004986774,0.384759653,0.007412011,0.088198414,0.153555539,0.399299057,0.061469265,0.001659684,0.00381185,7170000000,6050000000,0.026451613,0.014599827,0.387496891,0.030799054,0.711480705,0.134708421,0.239087239,0.0047989,0.002021631,0.000213976,0.118791671,0.339910964,0.276587449,0.004561413,0.591746935,0.727425187,0.334923441,0.019458961,0.922436162,0.002012334,0.019803307,0.000148258,8490000000,0.593849578,826000000,0.67157053,0.534349952,0.591746935,0.334923441,0.123360141,0.641601384,0.459095596,0.560063995,0.314221208,0.076542708,0,0.770709012,0.02656682,0.617528969,0.594474492,0.836781785,0.286673693,0.026286806,0.560557897,1,0.018303715
Company 59,0.451031053,0.508340602,0.498581295,0.600015855,0.600412228,0.998994046,0.797335231,0.809264401,0.303377331,0.781522816,8400000000,4010000000,0.461533429,0.000469047,0,0.155619232,0.155619232,0.155619232,0.202325801,0.318278277,0.065414341,0.105447439,0.155984033,0.022089604,0.84823298,0.689608533,0.689608533,0.21761798,59700000,0.000444862,0.264758219,0.377566037,0.006849277,0.004905257,0.629525965,0.024912684,0.217220425,0.782779575,0.005579069,0.380628429,0.005570586,0.105313726,0.158494834,0.423696751,0.233883058,0.000722307,0.008760252,0.000203875,0.000960752,0.105806452,0.053326087,0.397887881,0.00556791,0.776769171,0.629288694,0.74567932,0.05293715,0.005630815,0.001396249,0.201149677,0.341044604,0.277719568,0.003501848,0.887530732,0.735944907,0.345887231,0.001588466,0.920091096,0.002165671,0.04445667,0.000115526,0.00010113,0.593925952,2380000000,0.671571213,0.101167285,0.887530732,0.345887231,0.115064757,0.639815977,0.458905768,0.567349999,0.313488859,0.042175441,0,0.779217467,0.001804039,0.623675495,0.600013858,0.837163998,0.292846085,0.026518418,0.563405518,1,0.015560825
Company 60,0.46404719,0.527256869,0.517533059,0.610710734,0.610595425,0.998976714,0.797347958,0.809280154,0.303435823,0.781530957,0.000264923,0.000108832,0.461711247,0.000347035,0,0.181703257,0.181703257,0.181703257,0.209133024,0.3188088,0.035800172,0.097874766,0.165775401,0.022072679,0.847978997,0.688642393,0.688642393,0.217471909,7290000000,0.000441318,0.263762812,0.377947916,0.007306685,0.004723096,0.624178778,0.013510975,0.176799589,0.823200411,0.005385577,0.379318829,0.006585137,0.097871578,0.164821657,0.411580297,0.112443778,0.000470717,0.013459313,4720000000,0.00028293,0.037258065,0.010954276,0.39251713,0.004765694,0.783541399,0.463404847,0.663926567,0.047491433,0.004950143,0.001495043,0.168454896,0.341540407,0.277887191,0.006438142,0.909852696,0.735290546,0.337173556,0.001602531,0.932146765,0.002209867,0.039505746,0.000248598,0.000175873,0.593947119,4840000000,0.671573916,0.186118932,0.909852696,0.337173556,0.11340879,0.64498312,0.459571889,0.569658558,0.315039893,0.039623748,0,0.791302514,0.001132904,0.623639395,0.610705696,0.839508319,0.28457744,0.026061519,0.553919301,1,0.020013582
Company 61,0.446643592,0.511938509,0.494887307,0.601947275,0.601947275,0.998644169,0.796562599,0.808429705,0.302759307,0.780625972,0.000458846,0,0.461753185,0.000714071,0,0.190383886,0.190383886,0.190383886,0.201853077,0.318490486,0.003009816,0.090790652,0.161105671,0.021998863,0.847661606,0.68803254,0.688044543,0.217546612,6270000000,0.000425023,0.263742608,0.377426325,0.013487633,0.001933905,0.627196545,0.009874247,0.153792666,0.846207334,0.00885239,0.381281552,0.005417032,0.090746983,0.160093507,0.416034876,0.008995502,0.00017449,0.036357737,153000000,0.000164917,0.010806452,0.028074556,0.36233916,0.033106781,0.874402944,0.116933899,0.819469007,0.00147714,0.001822052,6840000000,0.114351971,0.341431945,0.277758079,0.030460891,0.704834601,0.742548398,0.332451183,0.005914961,0.926990007,0.00197127,0.008730774,0.003740553,0.000556706,0.595327511,1740000000,0.671564258,0.043647498,0.704834601,0.332451183,0.120390695,0.642046438,0.459127992,0.568466414,0.314395203,0.021728893,0,0.78271273,0.015417863,0.622228289,0.601946921,0.838766296,0.281940089,0.026546835,0.563643076,1,0.023567668
Company 62,0.270365134,0.183220672,0.291396756,0.604275069,0.604275069,0.998092546,0.795529058,0.807501008,0.302107687,0.780269901,0.001048245,1830000000,0.459954874,0.000443044,0,0.13640386,0.13640386,0.13640386,0.136806278,0.31470609,0.013460986,0.040794724,0.080289222,0.02197244,0.847600386,0.686708959,0.686708959,0.217377044,2800000000,0.000239063,0.25959935,0.360139339,0.003843358,0.001714937,0.630513623,0.03761114,0.239078514,0.760921486,0.005329849,0.401520523,0.005365848,0.04080968,0.079277581,0.413216099,0.070464768,0.000419993,0.015047584,7030000000,0.000378249,0.02516129,0.011509481,0.358641822,0.00387813,0.685899314,0.330474749,0.460013777,0.027859696,0.002708956,0.000686606,0.215306993,0.336930765,0.276670019,0.003285983,0.864131971,0.718337602,0.355118569,0.006339746,0.837567977,0.001975506,0.196534715,0.00018234,0.000133549,0.593846012,3060000000,0.67155574,0.13402504,0.864131971,0.355118569,0.124967581,0.623399763,0.457169489,0.536139783,0.305295272,0.072963853,0,0.503219421,0.001491817,0.623647838,0.604271234,0.770996109,0.302055638,0.026760263,0.565006653,1,0.013767926
Company 63,0.472188368,0.517335369,0.504470261,0.601298664,0.601298664,0.998970243,0.797385448,0.809287576,0.303514616,0.781543729,0.000122112,1360000000,0.463489427,0.000281028,0,0.151911002,0.151911002,0.151911002,0.208565756,0.322487091,0.064022869,0.098119046,0.171198313,0.022136887,0.848182631,0.689646245,0.689646245,0.21762184,5030000000,0.000416189,0.26478697,0.389888603,0.007138823,0.006117379,0.629446514,0.017283579,0.194032107,0.805967893,0.013768919,0.382743249,0.005365848,0.09808328,0.170198326,0.408457403,0.313343328,0.001363457,0.004635018,0.000969122,0.011752949,0.110483871,0.054818383,0.393704349,0.000476052,0.782804789,0.719796415,0.723904065,0.151600703,0.006927913,0.004284417,0.187697074,0.346508983,0.277120444,0.00090177,0.925837162,0.735762888,0.34046069,0.001649666,0.908932586,0.002195346,0.053696562,7320000000,7840000000,0.593924296,4750000000,0.671576515,0.012092195,0.925837162,0.34046069,0.114169493,0.660341473,0.461577334,0.601140505,0.319246953,0.040522265,0,0.785071133,0.000333739,0.623790832,0.60129673,0.838587953,0.287313572,0.02785746,0.567689145,1,0.017894829
Company 64,0.353678155,0.4019843,0.393918304,0.586373398,0.586373398,0.998691774,0.796095008,0.808086115,0.301842785,0.780308217,0.000161429,0,0.462969393,0.000758076,0,0.132358518,0.132358518,0.132358518,0.127540891,0.325281177,0.01553307,0.075726732,0.098064322,0.02155554,0.847827077,0.688392,0.688392,0.217486016,3950000000,0.000232675,0.262725443,0.403319548,0.006220261,0.000211482,0.629888289,0.155945248,0.281222602,0.718777398,0.005134716,0.528356032,0.01021985,0.075724266,0.097021341,0.573957394,0.04197901,0.011684741,0.000541378,783000000,0.000260235,0.034677419,0.050673443,0.346554804,0.027562998,0.760041492,0.062842103,0.796534805,0.011293498,0.000381407,0.000254493,0.23551815,0.344492063,0.287515181,0.015426726,0.804535654,0.739016343,0.437794257,0.004300124,0.891517988,0.001924887,0.057039758,0.000644847,4810000000,0.593934244,2410000000,0.671572368,0.1113945,0.804535654,0.437794257,0.168665133,0.642971714,0.459278317,0.59912221,0.31463804,0.046269656,0,0.694075072,0.006295495,0.621511847,0.586374019,0.755344706,0.387874147,0.026655654,0.564417257,1,0.011086844
Company 65,0.420465071,0.47476014,0.469618288,0.595641332,0.595641332,0.998962848,0.797106969,0.809054262,0.303043787,0.781293483,3870000000,0,0.458861126,0.00060406,0,0.159748852,0.159748852,0.159748852,0.1987331,0.314104831,0.013022369,0.095350541,0.157113806,0.021971445,0.847922,0.688086525,0.688086525,0.217442299,7500000000,0.000395302,0.26281325,0.369472076,0.004071126,0.001747377,0.629808496,0.008580235,0.143332225,0.856667775,0.004986023,0.379616313,0.005365848,0.095314866,0.156126989,0.398467089,0.085457271,0.004366307,0.00144823,734000000,7260000000,0.024032258,0.052671005,0.39233622,0.101964087,0.717263684,0.132583508,0.277254577,0.083163622,0.001898365,0.003552189,0.124027959,0.334408312,0.276353739,0.005966099,0.820951716,0.729255452,0.33251996,0.009163145,0.9205638,0.00200088,0.024941679,0.000131925,6290000000,0.593871416,0.000111602,0.671594502,0.629463173,0.820951716,0.33251996,0.115631973,0.664336151,0.463077196,0.535585755,0.318433546,0.069146879,0,0.762491127,0.005805245,0.628536219,0.595638343,0.837037349,0.281001915,0.026684758,0.564594268,1,0.025547139
Company 66,0.438453664,0.472307021,0.48519728,0.590856023,0.590856023,0.998732216,0.796978451,0.808975362,0.30330168,0.781208149,0.000192766,1240000000,0.45896681,0.000543054,0,0.170831402,0.170831402,0.170831402,0.185969557,0.312477895,0.017907649,0.076133865,0.143631845,0.021890328,0.836882174,0.68833813,0.68833813,0.217472984,5560000000,0.00038829,0.263289585,0.370142692,0.005350373,0.003696878,0.629973904,0.010556361,0.158750794,0.841249206,0.005050039,0.379327776,0.00677647,0.077515593,0.144913657,0.401738692,0.071964018,0.000521441,0.012110137,0.000135471,7410000000,0.024354839,0.008345696,0.385586034,0.013620226,0.739628131,0.325170241,0.374470391,0.018255231,0.004556223,0.000750921,0.128806228,0.335024037,0.27617704,0.0024074,0.770936612,0.730948995,0.333495245,0.010000537,0.917744617,0.001976008,0.027683339,0.000195365,0.000174302,0.593899504,2610000000,0.671544605,0.497376324,0.770936612,0.333495245,0.118577177,0.61789925,0.455248187,0.535724747,0.309543579,0.053435993,0,0.754783249,0.012317524,0.621697304,0.590853983,0.835936293,0.282434527,0.026645611,0.564353556,1,0.022717205
